,model,test_MSE,test_r2,train_MSE,train_r2,valid_MSE,valid_r2
0,const,26057.759085360973,-584.9865688350129,2.8292836348249475,0.8542329333153654,29179.232513703035,-878.3741382972836
1,ols,57.024151063271624,-0.2823584143530007,16.65906504294091,0.14121412931129682,21.022193247870554,-0.1523147923995302
2,pca,42.19051241467843,0.05122027084985825,19.130560344774732,0.013718913406971223,19.47924823562632,-0.04113842265512095
3,ridge,910.065419928709,-19.465540075509217,8.349745826161303,0.5694715084411165,38.52212946347774,-1.3816452657441292
4,lasso,41.824602392284596,0.05944885097535968,18.43380975354426,0.04978803839385858,19.326330451097686,-0.02445489042788661
5,enet,40.77555361000659,0.08303984721006596,18.147954368371938,0.06448964235145896,19.307013024425263,-0.022879757104943978
